PitchNo,Date,Time,Pitcher,PitcherId,PitcherThrows,PitcherTeam,PitcherSet,TaggedPitchType,PitchSession,Flag,RelSpeed,VertRelAngle,HorzRelAngle,SpinRate,SpinAxis,Tilt,RelHeight,RelSide,Extension,VertBreak,InducedVertBreak,HorzBreak,PlateLocHeight,PlateLocSide,ZoneSpeed,VertApprAngle,HorzApprAngle,ZoneTime,pfxx,pfxz,x0,y0,z0,vx0,vy0,vz0,ax0,ay0,az0,PlayID,CalibrationId,EffVelocity,PracticeType,Device,Direction,BatterId,Batter,HitSpinRate,HitType,ExitSpeed,BatterSide,Angle,PositionAt110X,PositionAt110Y,PositionAt110Z,Distance,LastTrackedDistance,HangTime,Bearing,ContactPositionX,ContactPositionY,ContactPositionZ,SpinAxis3dTransverseAngle,SpinAxis3dLongitudinalAngle,SpinAxis3dActiveSpinRate,SpinAxis3dSpinEfficiency,SpinAxis3dTilt
1,2026-02-04,11:15:37.46,"Thompson, Paxton",801505,Right,,,Cutter,Live,,88.63537,0.9481445392,-2.276724421,2042.158805,192.7034035,12:30,4.95248,1.99533,5.86271,-28.27827,7.37081,1.66958,3.47742,0.01861,80.60656,-4.373879985,-1.962233226,0.4297299275,-1.56811,3.69833,-1.81199,50,5.01288,5.06959,-128.87157,1.21994,-2.62338,28.08415,-25.98689,145827d7-9e56-4b48-9278-79ba039fd3a8,fdc4172a-a4b7-4bb2-ad70-de102f110c86,87.71192,Pitching,25070091,,,,,,,,,,,,,,,,,,,,,,,
2,2026-02-04,11:16:01.19,"Thompson, Paxton",801505,Right,,,Fastball,Live,,92.70579,1.759319035,-1.425223545,2533.517983,206.9237194,1:00,4.96537,2.06744,6.02344,-15.18611,17.67572,8.99256,5.33009,1.49673,82.74677,-1.136160199,0.2898043967,0.4125886423,-5.38649,9.0277,-1.96092,50,5.09473,3.06001,-134.69745,3.64673,-9.68029,35.20652,-15.94999,17becff6-efae-463e-84f2-4bda06a38820,fdc4172a-a4b7-4bb2-ad70-de102f110c86,91.35598,Pitching,25070091,,,,,,,,,,,,,,,,,,,,20.2486061,2376.945953,0.938199756,
3,2026-02-04,11:16:27.45,"Thompson, Paxton",801505,Right,,,Fastball,Live,,93.16818,-1.22547586,-2.694813392,2552.709897,217.5597126,1:15,4.95222,2.13445,6.07203,-14.53473,17.88136,13.7727,2.60576,0.7871,83.56157,-3.990957715,-0.07164042792,0.4097808693,-8.40686,10.15882,-1.93335,50,4.84977,5.92469,-135.335,-3.36818,-15.30143,34.66397,-13.68385,c4c9f312-cc38-4524-9d27-1b049019f7d6,fdc4172a-a4b7-4bb2-ad70-de102f110c86,91.98194,Pitching,25070091,,,,,,,,,,,,,,,,,,,,17.57555987,2433.548276,0.9533195602,
4,2026-02-04,11:16:47.71,"Thompson, Paxton",801505,Right,,,Fastball,Live,,91.9805,1.253251519,-2.484348623,2530.372317,219.5305036,1:15,4.89745,2.13618,6.15703,-16.18138,17.05805,14.12066,4.70792,1.01663,82.09575,-1.839034862,0.2143374893,0.4149523023,-8.58168,8.90826,-1.95496,50,4.98432,5.35527,-133.62252,2.41921,-15.17387,34.70621,-16.42271,4c77a283-0efd-4217-8026-b8a53cabfbeb,fdc4172a-a4b7-4bb2-ad70-de102f110c86,90.83559,Pitching,25070091,,,,,,,,,,,,,,,,,,,,25.62418984,2281.510257,0.9016500228,
5,2026-02-04,11:17:08.73,"Thompson, Paxton",801505,Right,,,Cutter,Live,,87.66971,0.7086177541,-2.618958805,2148.169458,187.7770171,12:15,4.85535,2.15195,5.8834,-28.70152,7.64244,1.049,3.12222,-0.19401,79.95764,-4.685217037,-2.421640315,0.4338978272,-1.31536,3.92067,-1.94144,50,4.89596,5.79707,-127.46834,0.66173,-2.15816,26.87989,-25.74127,d16db6d6-2114-4571-a3db-3bff84d0ce15,fdc4172a-a4b7-4bb2-ad70-de102f110c86,86.86939,Pitching,25070091,,,,,,,,,,,,,,,,,,,221.8750034,70.2990087,724.1727297,0.3371115472,1:30
6,2026-02-04,11:17:42.67,"Thompson, Paxton",801505,Right,,,Cutter,Live,,88.88916,-0.4063974281,-3.328592338,2045.716637,208.8057609,1:00,4.8824,2.17798,6.18708,-27.59465,7.59752,4.19993,2.20703,-0.54841,80.66535,-5.630345715,-2.532098617,0.4269671033,-3.31435,4.27572,-1.92934,50,4.83782,7.385,-129.17193,-1.75669,-5.54574,29.33268,-25.01969,1a200a1c-5efa-4112-ad2b-2371762945cd,fdc4172a-a4b7-4bb2-ad70-de102f110c86,88.27949,Pitching,25070091,,,,,,,,,,,,,,,,,,,223.6942534,68.4942025,749.9502467,0.3665953696,1:30
7,2026-02-04,11:18:02.75,"Thompson, Paxton",801505,Right,,,Fastball,Live,,93.13355,-1.514898504,-3.571466286,2536.049911,218.8104995,1:15,4.92871,2.05529,6.15974,-15.53283,16.97473,13.67863,2.23199,-0.10796,83.20855,-4.479738424,-0.9593860704,0.4103586813,-8.72123,9.81745,-1.79139,50,4.80588,8.00204,-135.14259,-4.07247,-15.76403,35.66049,-14.42855,de6b8b75-3a23-4ea4-862a-3157b359dcd3,fdc4172a-a4b7-4bb2-ad70-de102f110c86,91.85242,Pitching,25070091,,,,,,,,,,,,,,,,,,,,10.09309316,2496.802795,0.9845243128,
8,2026-02-04,11:18:24.89,"Thompson, Paxton",801505,Right,,,Sweeper,Live,,82.32256,-0.7214205356,-2.502448527,2437.590721,81.27350464,8:45,4.85906,2.19537,5.89545,-43.67355,-1.87409,-11.95003,0.54924,-1.12492,74.78536,-8.91811462,-4.764053881,0.4653253603,5.64099,-0.77478,-1.98743,50,4.77635,5.57842,-119.57447,-2.79563,8.01199,27.14269,-33.27448,6e005718-08cc-4916-9157-59f30a13c927,fdc4172a-a4b7-4bb2-ad70-de102f110c86,81.00233,Pitching,25070091,,,,,,,,,,,,,,,,,,,,,,,
9,2026-02-04,11:18:48.98,"Thompson, Paxton",801505,Right,,,Sweeper,Live,,82.83987,-0.2032694687,-3.049367152,2247.967328,98.16195922,9:15,4.81446,2.23767,5.82884,-39.64934,1.84923,-13.17063,1.32115,-1.69678,74.91571,-7.655731201,-5.537627658,0.4636475918,6.08738,1.06948,-1.98126,50,4.77489,6.80055,-120.24671,-1.6157,8.72484,27.90242,-30.6412,b1a47db1-ac49-4624-9c0d-143eea5a4368,fdc4172a-a4b7-4bb2-ad70-de102f110c86,81.29545,Pitching,25070091,,,,,,,,,,,,,,,,,,,,,,,
10,2026-02-04,11:19:18.10,"Thompson, Paxton",801505,Right,,,Fastball,Live,,93.1204,-1.179604464,-3.618571141,2490.222596,216.8783447,1:15,4.89234,2.04991,6.36936,-15.28366,16.9465,12.74423,2.53113,-0.22163,83.23486,-4.108264076,-1.176668536,0.4086040118,-8.27346,9.75392,-1.79465,50,4.80008,8.16258,-135.19286,-3.25346,-14.97194,35.57711,-14.52302,1e431cd4-d41d-4927-98c3-ed9098d0f2c4,fdc4172a-a4b7-4bb2-ad70-de102f110c86,92.24686,Pitching,25070091,,,,,,,,,,,,,,,,,,,233.6110343,28.30218725,2192.539531,0.8804592547,1:45
11,2026-02-04,11:19:51.98,"Thompson, Paxton",801505,Right,,,Sweeper,Live,,81.73096,1.687429929,-1.79829115,2306.653495,96.58367085,9:15,4.80253,2.20508,5.82787,-41.19313,1.53468,-13.49844,2.9394,-0.59178,73.32939,-6.111576114,-4.359973357,0.4704643407,6.67779,0.23935,-2.05063,50,4.91639,4.12397,-118.66726,2.28232,9.28796,27.9129,-31.84115,c2835651-8f79-4fe7-a540-816b41c8380f,fdc4172a-a4b7-4bb2-ad70-de102f110c86,80.11753,Pitching,25070091,,,,,,,,,,,,,,,,,,,44.3987773,67.41547187,885.8610703,0.3840460096,7:30
12,2026-02-04,11:20:14.06,"Thompson, Paxton",801505,Right,,,Fastball,Live,,91.63131,-0.9897775606,-2.514023027,2491.776491,204.8589749,12:45,4.92826,2.22356,6.20177,-12.64514,20.94127,9.71987,2.96002,0.71178,81.49831,-3.412960008,-0.6505278047,0.4171124604,-6.2369,11.85137,-2.03971,50,4.84769,5.54425,-133.09219,-2.691,-10.88291,35.79854,-11.49432,18ced0be-e2a4-4a92-a0dc-f59b15736291,fdc4172a-a4b7-4bb2-ad70-de102f110c86,90.36517,Pitching,25070091,,,,,,,,,,,,,,,,,,,,21.98939087,2310.507731,0.9272532024,
13,2026-02-04,11:20:35.02,"Thompson, Paxton",801505,Right,,,ChangeUp,Live,,83.97819,1.096793542,-0.4036530091,1095.664907,261.109247,2:45,4.69498,2.29166,5.31358,-39.30388,1.93632,12.60687,2.44908,2.96343,75.16944,-6.288418866,1.973786076,0.4622019328,-6.84399,0.64492,-2.26394,50,4.76679,0.44253,-121.89489,1.03603,-10.04304,29.47245,-31.22767,5f627a76-feab-4695-a7a7-83db3a6bd1ac,fdc4172a-a4b7-4bb2-ad70-de102f110c86,81.54972,Pitching,25070091,,,,,,,,,,,,,,,,,,,,-0.7491031701,1095.571263,0.9999145323,
14,2026-02-04,11:21:40.10,"Thompson, Paxton",801505,Right,,,Sweeper,Live,,79.76579,1.032175441,-0.3585978812,2311.69929,81.52136648,8:45,4.78039,2.25712,5.74104,-46.89717,-2.02663,-13.35233,1.83335,0.81058,71.87867,-7.813978366,-2.891566089,0.4821165587,7.07961,-1.44922,-2.21935,50,4.83804,1.11659,-115.8955,0.71403,9.40985,26.25575,-34.10028,626a1e64-dacb-4c5b-ab93-f180f21c1e2d,fdc4172a-a4b7-4bb2-ad70-de102f110c86,78.18117,Pitching,25070091,,,,,,,,,,,,,,,,,,,27.52231956,54.96422249,1327.118434,0.574087832,7:00
15,2026-02-04,11:22:06.67,"Thompson, Paxton",801505,Right,,,Cutter,Live,,87.45379,-1.187180114,-2.854032797,1972.189649,169.1195712,11:45,4.69293,2.10612,6.30959,-30.70457,5.51943,-1.06803,1.03925,-0.61377,79.50413,-7.000446314,-3.057211379,0.4331812213,-0.30337,3.40076,-1.89677,50,4.59131,6.36906,-127.13091,-3.53312,-0.49075,28.87216,-26.67264,306b15fc-4296-4fae-82e7-846755f579e6,fdc4172a-a4b7-4bb2-ad70-de102f110c86,87.0131,Pitching,25070091,,,,,,,,,,,,,,,,,,,,,,,
16,2026-02-04,11:22:44.38,"Thompson, Paxton",801505,Right,,,Sweeper,Live,,82.3463,0.3095121463,-1.677066423,2524.501426,76.80938351,8:30,4.81769,2.2392,5.71378,-46.32256,-4.02694,-17.04967,1.2459,-0.74416,74.23249,-8.404915437,-4.906875301,0.4680789223,8.60168,-2.2819,-2.08882,50,4.81561,4.01765,-119.57989,-0.75705,12.13073,28.65074,-35.39216,b0771614-90a2-4c4a-bb38-efd5504c0728,fdc4172a-a4b7-4bb2-ad70-de102f110c86,80.52582,Pitching,25070091,,,,,,,,,,,,,,,,,,,,,,,
17,2026-02-04,11:23:04.48,"Thompson, Paxton",801505,Right,,,Fastball,Live,,92.23773,-0.6968397656,-3.216386337,2549.248481,213.591459,1:00,4.87787,2.03916,6.24457,-13.21458,19.83427,13.20574,3.133,0.17041,82.18795,-3.228614605,-0.6871360651,0.4137609902,-8.38462,11.14335,-1.80653,50,4.81962,7.11984,-133.93369,-2.03849,-14.85494,35.56775,-12.43151,bdbcd0f3-e83a-4374-8bb8-0328ad362d08,fdc4172a-a4b7-4bb2-ad70-de102f110c86,91.09713,Pitching,25070091,,,,,,,,,,,,,,,,,,,,20.54594612,2387.09347,0.9363910529,
18,2026-02-04,11:23:37.07,"Thompson, Paxton",801505,Right,,,Cutter,Live,,88.45359,-1.887530426,-4.519532968,2251.167963,206.4332266,1:00,4.81868,2.20433,6.21777,-27.25386,7.99663,3.99506,0.79993,-1.64139,81.34686,-6.998057202,-3.767951136,0.4273207461,-3.40524,4.87428,-1.86796,50,4.66343,10.02781,-128.39541,-5.07115,-5.69861,25.96275,-24.01703,2c066e09-c796-47ff-b116-b0a53ab2d6b5,fdc4172a-a4b7-4bb2-ad70-de102f110c86,88.20643,Pitching,25070091,,,,,,,,,,,,,,,,,,,,,,,
19,2026-02-04,11:24:07.84,"Thompson, Paxton",801505,Right,,,Cutter,Live,,88.41544,-0.3306511496,-3.954541703,1858.613303,206.4752399,1:00,4.80949,2.06781,6.1955,-28.38485,7.2461,3.63153,2.13814,-1.28559,80.18773,-5.703239595,-3.266416515,0.4296206233,-3.2056,4.06319,-1.77216,50,4.7703,8.76613,-128.39115,-1.59852,-5.29517,29.16218,-25.46226,1900f0a4-2dfe-4b5c-bded-9b19fcf45ecb,fdc4172a-a4b7-4bb2-ad70-de102f110c86,87.73424,Pitching,25070091,,,,,,,,,,,,,,,,,,,,,,,
20,2026-02-04,11:24:31.48,"Thompson, Paxton",801505,Right,,,Sweeper,Live,,81.28805,1.965194903,-1.010073069,2269.198283,99.80097751,9:15,4.7832,2.26872,5.70784,-41.11379,2.40968,-14.10378,3.18874,0.15237,72.581,-5.825297697,-3.688988617,0.4748245211,7.24534,0.5906,-2.17574,50,4.9228,2.50155,-117.98896,2.82102,9.92655,28.32801,-31.36489,9f78071b-c24d-47f7-bcfc-41831274a664,fdc4172a-a4b7-4bb2-ad70-de102f110c86,79.38183,Pitching,25070091,,,,,,,,,,,,,,,,,,,,,,,
21,2026-02-04,11:24:55.49,"Thompson, Paxton",801505,Right,,,Cutter,Live,,88.3551,-1.64097888,-3.869636868,2043.129191,206.9834182,1:00,4.72311,2.21093,6.19711,-25.87662,9.67955,4.94793,1.0482,-0.95392,80.54433,-6.520444116,-2.933699917,0.4291694873,-3.84586,5.77152,-1.92247,50,4.58653,8.52894,-128.30281,-4.46624,-6.37257,28.0199,-22.61067,efd8b47c-42fa-454b-ab19-8d2d4ff4faa6,fdc4172a-a4b7-4bb2-ad70-de102f110c86,87.82647,Pitching,25070091,,,,,,,,,,,,,,,,,,,212.0239517,60.71332708,999.4571084,0.489179594,1:00
22,2026-02-04,11:25:34.27,"Thompson, Paxton",801505,Right,,,ChangeUp,Live,,83.63132,1.093356896,-2.22943003,1111.88272,265.3618709,2:45,4.7545,2.05413,5.76886,-39.60643,0.73406,9.55576,2.47221,0.77493,75.95036,-6.352798301,-0.4274420266,0.4571323322,-5.8233,0.06133,-1.87571,50,4.82111,4.43626,-121.54033,1.09711,-8.62941,25.89476,-32.08317,78ceaa6a-3bec-46ad-a573-d113e9dbde2d,fdc4172a-a4b7-4bb2-ad70-de102f110c86,82.45411,Pitching,25070091,,,,,,,,,,,,,,,,,,,,34.16396147,920.0095179,0.8274339561,
23,2026-02-04,11:25:57.49,"Thompson, Paxton",801505,Right,,,Cutter,Live,,88.56133,-2.075529517,-3.391550045,1910.074786,202.4245198,12:45,4.72758,2.05848,6.29662,-26.35922,8.91025,3.68992,0.61465,-0.76224,80.75113,-7.052117082,-2.69140928,0.4274358025,-3.03673,5.50582,-1.81124,50,4.5623,7.51467,-128.6507,-5.45315,-5.05314,28.46746,-23.01232,7a30cf5d-a561-44cf-8404-54748b3388c6,fdc4172a-a4b7-4bb2-ad70-de102f110c86,88.18269,Pitching,25070091,,,,,,,,,,,,,,,,,,,,,,,
24,2026-02-04,11:26:22.70,"Thompson, Paxton",801505,Right,,,Sweeper,Live,,82.24825,2.782423205,-0.6116133685,,,,4.87417,2.32631,5.83943,-34.46112,7.8583,-10.13825,4.59019,0.91309,73.15049,-3.777810644,-2.543346759,0.4682106187,5.27524,3.25787,-2.27075,50,5.08085,1.57363,-119.35851,4.78329,7.39923,28.90335,-27.60445,67de2e4d-6309-4046-9ab4-eb3bf8dacc33,fdc4172a-a4b7-4bb2-ad70-de102f110c86,80.50317,Pitching,25070091,,,,,,,,,,,,,,,,,,,,,,,
25,2026-02-04,11:26:48.43,"Thompson, Paxton",801505,Right,,,Sweeper,Live,,81.26043,-0.3285624354,-1.380032065,2434.113832,79.1216212,8:45,4.74616,2.25981,5.8493,-45.21951,-2.24507,-11.49063,0.67251,0.01984,73.62968,-8.834041033,-3.559329204,0.4718201624,5.75268,-1.10404,-2.1412,50,4.69348,3.18219,-118.09503,-2.00438,7.9573,26.79436,-33.70119,c958a2a5-2f24-4007-8d35-a03ab2634eb0,fdc4172a-a4b7-4bb2-ad70-de102f110c86,79.8873,Pitching,25070091,,,,,,,,,,,,,,,,,,,,,,,
26,2026-02-04,11:27:10.72,"Thompson, Paxton",801505,Right,,,Cutter,Live,,88.07877,-1.524803597,-3.012521454,1963.825276,195.2786517,12:30,4.69996,2.04171,6.2308,-27.30285,8.3891,2.30126,1.01593,-0.54791,80.30883,-6.678371438,-2.576260733,0.4299881654,-2.15613,5.04245,-1.81825,50,4.57262,6.6686,-128.02392,-4.23009,-3.55405,28.11507,-23.86237,b06b40ff-7542-4b93-9f13-3c31d15928e5,fdc4172a-a4b7-4bb2-ad70-de102f110c86,87.65925,Pitching,25070091,,,,,,,,,,,,,,,,,,,,,,,
27,2026-02-04,11:27:33.77,"Thompson, Paxton",801505,Right,,,Cutter,Live,,88.5928,-2.045844052,-4.06696513,2159.9733,209.4008206,1:00,4.69635,2.08015,6.27618,-31.47869,3.89093,2.21013,0.18204,-1.49024,80.85754,-7.975395362,-3.648190307,0.4280422548,-2.44398,2.75316,-1.781,50,4.5298,9.07675,-128.58435,-5.54176,-4.05694,28.78277,-27.60388,ccceaa88-c262-40b4-b999-e259390e5099,fdc4172a-a4b7-4bb2-ad70-de102f110c86,88.05775,Pitching,25070091,,,,,,,,,,,,,,,,,,,,,,,